order_status,order_id,order_date,order_customer_id
CLOSED,1,00:00.0,11599
PENDING_PAYMENT,2,00:00.0,256
COMPLETE,3,00:00.0,12111
CLOSED,4,00:00.0,8827
COMPLETE,5,00:00.0,11318
COMPLETE,6,00:00.0,7130
COMPLETE,7,00:00.0,4530
PROCESSING,8,00:00.0,2911
PENDING_PAYMENT,9,00:00.0,5657
PENDING_PAYMENT,10,00:00.0,5648
PAYMENT_REVIEW,11,00:00.0,918
CLOSED,12,00:00.0,1837
PENDING_PAYMENT,13,00:00.0,9149
PROCESSING,14,00:00.0,9842
COMPLETE,15,00:00.0,2568
PENDING_PAYMENT,16,00:00.0,7276
COMPLETE,17,00:00.0,2667
CLOSED,18,00:00.0,1205
PENDING_PAYMENT,19,00:00.0,9488
PROCESSING,20,00:00.0,9198
PENDING,21,00:00.0,2711
COMPLETE,22,00:00.0,333
PENDING_PAYMENT,23,00:00.0,4367
CLOSED,24,00:00.0,11441
CLOSED,25,00:00.0,9503
COMPLETE,26,00:00.0,7562
PENDING_PAYMENT,27,00:00.0,3241
COMPLETE,28,00:00.0,656
PROCESSING,29,00:00.0,196
PENDING_PAYMENT,30,00:00.0,10039
PAYMENT_REVIEW,31,00:00.0,6983
COMPLETE,32,00:00.0,3960
PENDING_PAYMENT,33,00:00.0,5793
PROCESSING,34,00:00.0,4189
COMPLETE,35,00:00.0,4840
PENDING,36,00:00.0,5649
CLOSED,37,00:00.0,5863
PROCESSING,38,00:00.0,11586
PENDING,39,00:00.0,8214
PENDING_PAYMENT,40,00:00.0,12092
PENDING_PAYMENT,41,00:00.0,8136
PENDING,42,00:00.0,9776
PENDING_PAYMENT,43,00:00.0,7776
PENDING,44,00:00.0,10500
COMPLETE,45,00:00.0,2636
ON_HOLD,46,00:00.0,1549
PENDING_PAYMENT,47,00:00.0,8487
PROCESSING,48,00:00.0,12186
PENDING,49,00:00.0,1871
CANCELED,50,00:00.0,5225
CLOSED,51,00:00.0,12271
PENDING_PAYMENT,52,00:00.0,5126
PROCESSING,53,00:00.0,4701
PENDING_PAYMENT,54,00:00.0,10628
PENDING,55,00:00.0,2052
COMPLETE,56,00:00.0,10519
CLOSED,57,00:00.0,7073
PENDING_PAYMENT,58,00:00.0,9213
PENDING_PAYMENT,59,00:00.0,11644
PENDING_PAYMENT,60,00:00.0,8365
CLOSED,61,00:00.0,4791
CLOSED,62,00:00.0,9111
COMPLETE,63,00:00.0,1148
PENDING_PAYMENT,64,00:00.0,5579
COMPLETE,65,00:00.0,5903
ON_HOLD,66,00:00.0,1792
COMPLETE,67,00:00.0,1406
PENDING,68,00:00.0,4320
SUSPECTED_FRAUD,69,00:00.0,2821
PENDING_PAYMENT,70,00:00.0,11809
COMPLETE,71,00:00.0,8646
COMPLETE,72,00:00.0,4349
PENDING_PAYMENT,73,00:00.0,8504
PENDING_PAYMENT,74,00:00.0,662
PENDING_PAYMENT,75,00:00.0,2505
COMPLETE,76,00:00.0,6898
PENDING_PAYMENT,77,00:00.0,7915
PAYMENT_REVIEW,78,00:00.0,8619
PENDING_PAYMENT,79,00:00.0,7327
COMPLETE,80,00:00.0,3007
PROCESSING,81,00:00.0,674
PENDING_PAYMENT,82,00:00.0,3566
COMPLETE,83,00:00.0,1265
PROCESSING,84,00:00.0,6789
PENDING,85,00:00.0,1485
PENDING_PAYMENT,86,00:00.0,6680
CLOSED,87,00:00.0,3065
COMPLETE,88,00:00.0,3809
ON_HOLD,89,00:00.0,824
CLOSED,90,00:00.0,9131
COMPLETE,91,00:00.0,8912
COMPLETE,92,00:00.0,6932
PENDING_PAYMENT,93,00:00.0,2256
PROCESSING,94,00:00.0,11589
COMPLETE,95,00:00.0,9032
PENDING,96,00:00.0,8683
PENDING,97,00:00.0,10784
COMPLETE,98,00:00.0,5243
PENDING_PAYMENT,99,00:00.0,11542
PROCESSING,100,00:00.0,12131
CLOSED,101,00:00.0,5116
COMPLETE,102,00:00.0,8027
PROCESSING,103,00:00.0,12256
PENDING_PAYMENT,104,00:00.0,7790
COMPLETE,105,00:00.0,8220
PROCESSING,106,00:00.0,395
COMPLETE,107,00:00.0,1845
PROCESSING,108,00:00.0,12149
PENDING_PAYMENT,109,00:00.0,9345
COMPLETE,110,00:00.0,2746
PROCESSING,111,00:00.0,4271
CANCELED,112,00:00.0,5375
PENDING_PAYMENT,113,00:00.0,10216
COMPLETE,114,00:00.0,2091
PROCESSING,115,00:00.0,104
CLOSED,116,00:00.0,8763
SUSPECTED_FRAUD,117,00:00.0,58
COMPLETE,118,00:00.0,1737
PENDING_PAYMENT,119,00:00.0,8124
PENDING_PAYMENT,120,00:00.0,356
PENDING,121,00:00.0,2074
PROCESSING,122,00:00.0,2071
PENDING_PAYMENT,123,00:00.0,3695
COMPLETE,124,00:00.0,2374
PENDING_PAYMENT,125,00:00.0,4611
COMPLETE,126,00:00.0,610
PENDING_PAYMENT,127,00:00.0,5261
PENDING_PAYMENT,128,00:00.0,2772
CLOSED,129,00:00.0,9937
PENDING_PAYMENT,130,00:00.0,7509
PROCESSING,131,00:00.0,10072
PENDING,132,00:00.0,289
CLOSED,133,00:00.0,10604
PENDING_PAYMENT,134,00:00.0,12081
COMPLETE,135,00:00.0,7738
PENDING_PAYMENT,136,00:00.0,9126
COMPLETE,137,00:00.0,4211
PROCESSING,138,00:00.0,10904
COMPLETE,139,00:00.0,7933
PENDING_PAYMENT,140,00:00.0,4257
COMPLETE,141,00:00.0,12128
PENDING_PAYMENT,142,00:00.0,5760
COMPLETE,143,00:00.0,10495
PROCESSING,144,00:00.0,2158
ON_HOLD,145,00:00.0,494
COMPLETE,146,00:00.0,8177
PENDING_PAYMENT,147,00:00.0,275
PROCESSING,148,00:00.0,5383
COMPLETE,149,00:00.0,11431
PROCESSING,150,00:00.0,236
ON_HOLD,151,00:00.0,2493
COMPLETE,152,00:00.0,3611
COMPLETE,153,00:00.0,8876
ON_HOLD,154,00:00.0,9993
PENDING_PAYMENT,155,00:00.0,9044
ON_HOLD,156,00:00.0,5200
ON_HOLD,157,00:00.0,8986
PENDING,158,00:00.0,12345
PENDING_PAYMENT,159,00:00.0,10974
COMPLETE,160,00:00.0,6762
PENDING_PAYMENT,161,00:00.0,4513
PENDING_PAYMENT,162,00:00.0,3304
COMPLETE,163,00:00.0,3348
PROCESSING,164,00:00.0,2962
PENDING_PAYMENT,165,00:00.0,1222
PROCESSING,166,00:00.0,7834
PENDING,167,00:00.0,1347
PENDING_PAYMENT,168,00:00.0,11794
ON_HOLD,169,00:00.0,2611
PAYMENT_REVIEW,170,00:00.0,6295
COMPLETE,171,00:00.0,1980
COMPLETE,172,00:00.0,11382
ON_HOLD,173,00:00.0,9027
COMPLETE,174,00:00.0,3358
COMPLETE,175,00:00.0,384
PENDING_PAYMENT,176,00:00.0,2897
PENDING_PAYMENT,177,00:00.0,9151
COMPLETE,178,00:00.0,8503
COMPLETE,179,00:00.0,6506
ON_HOLD,180,00:00.0,10215
PENDING,181,00:00.0,7473
COMPLETE,182,00:00.0,10984
COMPLETE,183,00:00.0,12105
COMPLETE,184,00:00.0,210
PENDING_PAYMENT,185,00:00.0,10966
COMPLETE,186,00:00.0,1104
PAYMENT_REVIEW,187,00:00.0,1378
PENDING,188,00:00.0,2889
PENDING,189,00:00.0,10177
PENDING,190,00:00.0,11115
CLOSED,191,00:00.0,16
PROCESSING,192,00:00.0,5293
PROCESSING,193,00:00.0,6174
PENDING_PAYMENT,194,00:00.0,2550
PROCESSING,195,00:00.0,12096
PROCESSING,196,00:00.0,2765
PROCESSING,197,00:00.0,6370
PENDING_PAYMENT,198,00:00.0,7436
ON_HOLD,199,00:00.0,4608
PAYMENT_REVIEW,200,00:00.0,11116
CLOSED,201,00:00.0,9055
PENDING_PAYMENT,202,00:00.0,8524
PENDING_PAYMENT,203,00:00.0,11791
PENDING_PAYMENT,204,00:00.0,7604
PROCESSING,205,00:00.0,3109
PENDING,206,00:00.0,8994
COMPLETE,207,00:00.0,11643
PROCESSING,208,00:00.0,7923
PENDING,209,00:00.0,3627
COMPLETE,210,00:00.0,10102
CLOSED,211,00:00.0,10372
PENDING,212,00:00.0,3190
CLOSED,213,00:00.0,11715
COMPLETE,214,00:00.0,3925
CLOSED,215,00:00.0,5925
PENDING,216,00:00.0,7282
PROCESSING,217,00:00.0,5420
COMPLETE,218,00:00.0,3935
PROCESSING,219,00:00.0,10655
COMPLETE,220,00:00.0,1383
CLOSED,221,00:00.0,11871
CLOSED,222,00:00.0,8309
PENDING,223,00:00.0,9068
CLOSED,224,00:00.0,11938
COMPLETE,225,00:00.0,11275
PENDING_PAYMENT,226,00:00.0,9356
CLOSED,227,00:00.0,7410
ON_HOLD,228,00:00.0,6070
PENDING,229,00:00.0,618
PENDING_PAYMENT,230,00:00.0,4921
COMPLETE,231,00:00.0,3960
PENDING_PAYMENT,232,00:00.0,1780
COMPLETE,233,00:00.0,12316
ON_HOLD,234,00:00.0,1010
PENDING_PAYMENT,235,00:00.0,4285
COMPLETE,236,00:00.0,9785
PENDING_PAYMENT,237,00:00.0,11438
PENDING_PAYMENT,238,00:00.0,4939
COMPLETE,239,00:00.0,5058
PENDING,240,00:00.0,32
CLOSED,241,00:00.0,948
PAYMENT_REVIEW,242,00:00.0,3237
ON_HOLD,243,00:00.0,32
PENDING_PAYMENT,244,00:00.0,6910
CLOSED,245,00:00.0,5191
SUSPECTED_FRAUD,246,00:00.0,9616
COMPLETE,247,00:00.0,173
COMPLETE,248,00:00.0,11707
CLOSED,249,00:00.0,7650
COMPLETE,250,00:00.0,11668
PENDING,251,00:00.0,568
COMPLETE,252,00:00.0,9708
COMPLETE,253,00:00.0,45
COMPLETE,254,00:00.0,9395
COMPLETE,255,00:00.0,10346
CLOSED,256,00:00.0,4199
PROCESSING,257,00:00.0,3273
COMPLETE,258,00:00.0,1137
COMPLETE,259,00:00.0,3454
CLOSED,260,00:00.0,5135
COMPLETE,261,00:00.0,5128
CLOSED,262,00:00.0,11475
COMPLETE,263,00:00.0,8026
COMPLETE,264,00:00.0,230
PENDING_PAYMENT,265,00:00.0,488
COMPLETE,266,00:00.0,11085
CLOSED,267,00:00.0,6989
CLOSED,268,00:00.0,5578
PROCESSING,269,00:00.0,11887
COMPLETE,270,00:00.0,5689
COMPLETE,271,00:00.0,815
CLOSED,272,00:00.0,428
PENDING_PAYMENT,273,00:00.0,10665
PENDING,274,00:00.0,3365
PENDING_PAYMENT,275,00:00.0,10942
PENDING_PAYMENT,276,00:00.0,2221
PENDING,277,00:00.0,3732
PAYMENT_REVIEW,278,00:00.0,488
COMPLETE,279,00:00.0,10372
PENDING,280,00:00.0,11836
PENDING_PAYMENT,281,00:00.0,827
PENDING_PAYMENT,282,00:00.0,3551
COMPLETE,283,00:00.0,11466
PROCESSING,284,00:00.0,861
CLOSED,285,00:00.0,5011
ON_HOLD,286,00:00.0,9824
COMPLETE,287,00:00.0,8122
COMPLETE,288,00:00.0,8667
PENDING_PAYMENT,289,00:00.0,1195
COMPLETE,290,00:00.0,6446
PROCESSING,291,00:00.0,5506
PENDING_PAYMENT,292,00:00.0,11971
PROCESSING,293,00:00.0,4731
CLOSED,294,00:00.0,11394
PENDING,295,00:00.0,1937
COMPLETE,296,00:00.0,6665
PENDING,297,00:00.0,2281
COMPLETE,298,00:00.0,4967
PENDING_PAYMENT,299,00:00.0,9202
CLOSED,300,00:00.0,11326
COMPLETE,301,00:00.0,11999
COMPLETE,302,00:00.0,3577
PENDING_PAYMENT,303,00:00.0,1682
COMPLETE,304,00:00.0,1869
ON_HOLD,305,00:00.0,5618
COMPLETE,306,00:00.0,137
PENDING,307,00:00.0,8818
PENDING_PAYMENT,308,00:00.0,6829
COMPLETE,309,00:00.0,10396
COMPLETE,310,00:00.0,1256
COMPLETE,311,00:00.0,410
COMPLETE,312,00:00.0,1122
CLOSED,313,00:00.0,7543
PENDING_PAYMENT,314,00:00.0,10033
PENDING_PAYMENT,315,00:00.0,4375
PROCESSING,316,00:00.0,3870
COMPLETE,317,00:00.0,1450
PENDING_PAYMENT,318,00:00.0,8829
COMPLETE,319,00:00.0,10445
SUSPECTED_FRAUD,320,00:00.0,10698
ON_HOLD,321,00:00.0,4282
COMPLETE,322,00:00.0,2864
PENDING_PAYMENT,323,00:00.0,3020
COMPLETE,324,00:00.0,76
PENDING,325,00:00.0,4759
PENDING_PAYMENT,326,00:00.0,1604
PENDING,327,00:00.0,12107
COMPLETE,328,00:00.0,1149
SUSPECTED_FRAUD,329,00:00.0,1944
COMPLETE,330,00:00.0,5175
PENDING_PAYMENT,331,00:00.0,4797
COMPLETE,332,00:00.0,4171
PENDING_PAYMENT,333,00:00.0,2071
PENDING_PAYMENT,334,00:00.0,3752
PENDING,335,00:00.0,7710
PENDING,336,00:00.0,5479
COMPLETE,337,00:00.0,6747
COMPLETE,338,00:00.0,4666
PENDING,339,00:00.0,8326
PENDING_PAYMENT,340,00:00.0,7995
CLOSED,341,00:00.0,10128
ON_HOLD,342,00:00.0,8809
COMPLETE,343,00:00.0,10952
PENDING,344,00:00.0,2816
PROCESSING,345,00:00.0,11040
COMPLETE,346,00:00.0,3646
COMPLETE,347,00:00.0,11662
COMPLETE,348,00:00.0,12120
COMPLETE,349,00:00.0,9103
COMPLETE,350,00:00.0,10672
COMPLETE,351,00:00.0,12049
PENDING_PAYMENT,352,00:00.0,1977
PROCESSING,353,00:00.0,2234
PROCESSING,354,00:00.0,5862
PROCESSING,355,00:00.0,11682
PENDING,356,00:00.0,2209
COMPLETE,357,00:00.0,2685
PENDING,358,00:00.0,2979
PENDING_PAYMENT,359,00:00.0,6020
COMPLETE,360,00:00.0,8020
PROCESSING,361,00:00.0,8286
PROCESSING,362,00:00.0,10167
CLOSED,363,00:00.0,3619
PROCESSING,364,00:00.0,6035
PENDING_PAYMENT,365,00:00.0,2400
PENDING_PAYMENT,366,00:00.0,4422
PROCESSING,367,00:00.0,8730
COMPLETE,368,00:00.0,5783
COMPLETE,369,00:00.0,189
PENDING_PAYMENT,370,00:00.0,4791
PENDING_PAYMENT,371,00:00.0,4428
COMPLETE,372,00:00.0,776
PENDING,373,00:00.0,3630
PROCESSING,374,00:00.0,5906
PROCESSING,375,00:00.0,6561
PENDING,376,00:00.0,1369
PROCESSING,377,00:00.0,514
PENDING_PAYMENT,378,00:00.0,10071
PENDING_PAYMENT,379,00:00.0,8735
PENDING_PAYMENT,380,00:00.0,9505
ON_HOLD,381,00:00.0,5756
PROCESSING,382,00:00.0,8143
PENDING_PAYMENT,383,00:00.0,10509
CLOSED,384,00:00.0,2610
COMPLETE,385,00:00.0,10667
PENDING,386,00:00.0,3568
CLOSED,387,00:00.0,7193
COMPLETE,388,00:00.0,2790
COMPLETE,389,00:00.0,4435
PENDING,390,00:00.0,5590
PENDING_PAYMENT,391,00:00.0,5816
PENDING,392,00:00.0,3238
CLOSED,393,00:00.0,1047
PENDING_PAYMENT,394,00:00.0,76
COMPLETE,395,00:00.0,3934
PAYMENT_REVIEW,396,00:00.0,9078
CLOSED,397,00:00.0,4476
ON_HOLD,398,00:00.0,1365
PROCESSING,399,00:00.0,1473
PENDING,400,00:00.0,5626
PROCESSING,401,00:00.0,9692
PENDING_PAYMENT,402,00:00.0,9547
COMPLETE,403,00:00.0,4178
CLOSED,404,00:00.0,1478
COMPLETE,405,00:00.0,9498
COMPLETE,406,00:00.0,9023
PROCESSING,407,00:00.0,3333
PAYMENT_REVIEW,408,00:00.0,2252
PROCESSING,409,00:00.0,11102
PENDING,410,00:00.0,1288
SUSPECTED_FRAUD,411,00:00.0,11164
COMPLETE,412,00:00.0,9397
CLOSED,413,00:00.0,7278
PENDING,414,00:00.0,11776
CLOSED,415,00:00.0,6110
COMPLETE,416,00:00.0,1561
PENDING_PAYMENT,417,00:00.0,11491
COMPLETE,418,00:00.0,4269
PENDING_PAYMENT,419,00:00.0,8987
COMPLETE,420,00:00.0,4632
PENDING,421,00:00.0,7839
COMPLETE,422,00:00.0,9664
SUSPECTED_FRAUD,423,00:00.0,9632
PROCESSING,424,00:00.0,2457
PENDING_PAYMENT,425,00:00.0,10481
COMPLETE,426,00:00.0,10419
COMPLETE,427,00:00.0,6681
COMPLETE,428,00:00.0,3487
CLOSED,429,00:00.0,8466
PENDING_PAYMENT,430,00:00.0,10779
CLOSED,431,00:00.0,4676
COMPLETE,432,00:00.0,1197
PROCESSING,433,00:00.0,792
PENDING_PAYMENT,434,00:00.0,11390
CLOSED,435,00:00.0,5719
PROCESSING,436,00:00.0,7610
COMPLETE,437,00:00.0,5351
COMPLETE,438,00:00.0,8256
COMPLETE,439,00:00.0,9353
COMPLETE,440,00:00.0,7290
PENDING_PAYMENT,441,00:00.0,5239
COMPLETE,442,00:00.0,8098
CLOSED,443,00:00.0,8499
COMPLETE,444,00:00.0,10004
PENDING,445,00:00.0,3859
PENDING_PAYMENT,446,00:00.0,7620
CLOSED,447,00:00.0,8737
COMPLETE,448,00:00.0,7167
CLOSED,449,00:00.0,409
ON_HOLD,450,00:00.0,5085
PENDING,451,00:00.0,10104
COMPLETE,452,00:00.0,5128
SUSPECTED_FRAUD,453,00:00.0,381
PENDING_PAYMENT,454,00:00.0,5933
PENDING,455,00:00.0,6575
CLOSED,456,00:00.0,11295
PENDING_PAYMENT,457,00:00.0,4036
COMPLETE,458,00:00.0,5358
COMPLETE,459,00:00.0,3687
PENDING_PAYMENT,460,00:00.0,2521
CLOSED,461,00:00.0,8398
PROCESSING,462,00:00.0,5454
COMPLETE,463,00:00.0,8709
COMPLETE,464,00:00.0,7114
PENDING_PAYMENT,465,00:00.0,1255
CLOSED,466,00:00.0,10943
PENDING_PAYMENT,467,00:00.0,1719
COMPLETE,468,00:00.0,7305
PENDING,469,00:00.0,1731
PENDING_PAYMENT,470,00:00.0,6410
PENDING,471,00:00.0,10861
CLOSED,472,00:00.0,8969
COMPLETE,473,00:00.0,5359
PENDING_PAYMENT,474,00:00.0,8349
CLOSED,475,00:00.0,4567
PENDING_PAYMENT,476,00:00.0,6020
ON_HOLD,477,00:00.0,8511
COMPLETE,478,00:00.0,7657
COMPLETE,479,00:00.0,11138
PROCESSING,480,00:00.0,2902
PROCESSING,481,00:00.0,10633
ON_HOLD,482,00:00.0,9156
PROCESSING,483,00:00.0,12341
PENDING_PAYMENT,484,00:00.0,2409
PENDING_PAYMENT,485,00:00.0,3976
PROCESSING,486,00:00.0,1865
PROCESSING,487,00:00.0,5698
PENDING_PAYMENT,488,00:00.0,10143
PENDING_PAYMENT,489,00:00.0,2030
COMPLETE,490,00:00.0,9709
ON_HOLD,491,00:00.0,3945
PENDING_PAYMENT,492,00:00.0,2499
COMPLETE,493,00:00.0,1180
PENDING_PAYMENT,494,00:00.0,8121
COMPLETE,495,00:00.0,7242
COMPLETE,496,00:00.0,615
COMPLETE,497,00:00.0,846
PENDING_PAYMENT,498,00:00.0,6828
COMPLETE,499,00:00.0,8920
CLOSED,500,00:00.0,2129
CLOSED,501,00:00.0,1987
COMPLETE,502,00:00.0,7196
PENDING_PAYMENT,503,00:00.0,6377
COMPLETE,504,00:00.0,6288
PROCESSING,505,00:00.0,11952
PENDING,506,00:00.0,3509
PENDING_PAYMENT,507,00:00.0,4730
COMPLETE,508,00:00.0,6970
COMPLETE,509,00:00.0,10739
PENDING_PAYMENT,510,00:00.0,7533
PROCESSING,511,00:00.0,486
COMPLETE,512,00:00.0,12000
COMPLETE,513,00:00.0,10479
PENDING_PAYMENT,514,00:00.0,10962
PENDING_PAYMENT,515,00:00.0,5921
COMPLETE,516,00:00.0,9204
PROCESSING,517,00:00.0,1578
COMPLETE,518,00:00.0,5257
COMPLETE,519,00:00.0,4780
COMPLETE,520,00:00.0,8074
COMPLETE,521,00:00.0,6497
COMPLETE,522,00:00.0,12300
COMPLETE,523,00:00.0,4477
COMPLETE,524,00:00.0,7622
PENDING,525,00:00.0,10830
COMPLETE,526,00:00.0,7259
CANCELED,527,00:00.0,5426
PROCESSING,528,00:00.0,6147
ON_HOLD,529,00:00.0,844
PROCESSING,530,00:00.0,6224
PENDING_PAYMENT,531,00:00.0,1950
PENDING,532,00:00.0,6498
COMPLETE,533,00:00.0,6770
COMPLETE,534,00:00.0,6896
COMPLETE,535,00:00.0,66
ON_HOLD,536,00:00.0,9981
COMPLETE,537,00:00.0,10437
PROCESSING,538,00:00.0,4871
PENDING_PAYMENT,539,00:00.0,7673
COMPLETE,540,00:00.0,121
COMPLETE,541,00:00.0,4985
CLOSED,542,00:00.0,597
PENDING,543,00:00.0,7351
PENDING_PAYMENT,544,00:00.0,281
COMPLETE,545,00:00.0,11642
PROCESSING,546,00:00.0,7604
COMPLETE,547,00:00.0,7220
SUSPECTED_FRAUD,548,00:00.0,6889
PENDING,549,00:00.0,3834
PENDING_PAYMENT,550,00:00.0,9666
COMPLETE,551,00:00.0,2867
CANCELED,552,00:00.0,1445
COMPLETE,553,00:00.0,7307
PROCESSING,554,00:00.0,10980
PENDING_PAYMENT,555,00:00.0,976
COMPLETE,556,00:00.0,7838
COMPLETE,557,00:00.0,4855
COMPLETE,558,00:00.0,4562
ON_HOLD,559,00:00.0,1944
ON_HOLD,560,00:00.0,744
PENDING,561,00:00.0,6059
PENDING,562,00:00.0,5017
CLOSED,563,00:00.0,3514
CANCELED,564,00:00.0,2216
PENDING_PAYMENT,565,00:00.0,3850
CLOSED,566,00:00.0,6335
CLOSED,567,00:00.0,9527
PENDING,568,00:00.0,11790
CLOSED,569,00:00.0,8532
PENDING,570,00:00.0,4622
PENDING,571,00:00.0,5006
PENDING,572,00:00.0,6691
COMPLETE,573,00:00.0,5964
PROCESSING,574,00:00.0,7145
PROCESSING,575,00:00.0,2873
COMPLETE,576,00:00.0,7191
CLOSED,577,00:00.0,457
PENDING_PAYMENT,578,00:00.0,2529
PROCESSING,579,00:00.0,4137
SUSPECTED_FRAUD,580,00:00.0,8677
PROCESSING,581,00:00.0,3222
CLOSED,582,00:00.0,6220
PENDING,583,00:00.0,4695
PENDING_PAYMENT,584,00:00.0,1263
PENDING_PAYMENT,585,00:00.0,8399
PROCESSING,586,00:00.0,10225
SUSPECTED_FRAUD,587,00:00.0,6008
COMPLETE,588,00:00.0,6348
COMPLETE,589,00:00.0,5609
PROCESSING,590,00:00.0,132
COMPLETE,591,00:00.0,6431
CLOSED,592,00:00.0,10862
PENDING,593,00:00.0,6667
PENDING_PAYMENT,594,00:00.0,1946
PAYMENT_REVIEW,595,00:00.0,3531
PENDING_PAYMENT,596,00:00.0,8352
PENDING_PAYMENT,597,00:00.0,11558
PENDING_PAYMENT,598,00:00.0,11344
COMPLETE,599,00:00.0,8005
COMPLETE,600,00:00.0,3506
COMPLETE,601,00:00.0,8977
COMPLETE,602,00:00.0,6690
CLOSED,603,00:00.0,6184
PENDING_PAYMENT,604,00:00.0,6930
COMPLETE,605,00:00.0,2879
COMPLETE,606,00:00.0,1157
CANCELED,607,00:00.0,6376
COMPLETE,608,00:00.0,10388
PROCESSING,609,00:00.0,1241
PENDING_PAYMENT,610,00:00.0,1866
COMPLETE,611,00:00.0,8422
PENDING_PAYMENT,612,00:00.0,11854
COMPLETE,613,00:00.0,460
CLOSED,614,00:00.0,5738
COMPLETE,615,00:00.0,2827
PROCESSING,616,00:00.0,11330
ON_HOLD,617,00:00.0,6154
PENDING_PAYMENT,618,00:00.0,12037
PROCESSING,619,00:00.0,11473
COMPLETE,620,00:00.0,11346
COMPLETE,621,00:00.0,7916
ON_HOLD,622,00:00.0,3892
PAYMENT_REVIEW,623,00:00.0,3658
PENDING_PAYMENT,624,00:00.0,1821
ON_HOLD,625,00:00.0,5918
CLOSED,626,00:00.0,9123
PENDING_PAYMENT,627,00:00.0,7859
PROCESSING,628,00:00.0,9783
COMPLETE,629,00:00.0,6772
COMPLETE,630,00:00.0,3449
PENDING_PAYMENT,631,00:00.0,9381
PENDING,632,00:00.0,529
COMPLETE,633,00:00.0,12249
COMPLETE,634,00:00.0,4588
PENDING,635,00:00.0,1427
PENDING_PAYMENT,636,00:00.0,10371
ON_HOLD,637,00:00.0,2259
PENDING,638,00:00.0,3626
COMPLETE,639,00:00.0,1072
PROCESSING,640,00:00.0,6199
CLOSED,641,00:00.0,11558
COMPLETE,642,00:00.0,7499
PENDING_PAYMENT,643,00:00.0,64
PENDING_PAYMENT,644,00:00.0,7295
COMPLETE,645,00:00.0,2238
CLOSED,646,00:00.0,911
COMPLETE,647,00:00.0,12319
PENDING_PAYMENT,648,00:00.0,4551
CANCELED,649,00:00.0,7261
PENDING_PAYMENT,650,00:00.0,4170
CLOSED,651,00:00.0,9264
PENDING_PAYMENT,652,00:00.0,8732
PROCESSING,653,00:00.0,10473
COMPLETE,654,00:00.0,286
PENDING_PAYMENT,655,00:00.0,1206
PROCESSING,656,00:00.0,1646
PENDING_PAYMENT,657,00:00.0,1393
PENDING,658,00:00.0,12386
COMPLETE,659,00:00.0,6006
CLOSED,660,00:00.0,1932
ON_HOLD,661,00:00.0,2991
COMPLETE,662,00:00.0,11165
PAYMENT_REVIEW,663,00:00.0,3531
COMPLETE,664,00:00.0,4469
ON_HOLD,665,00:00.0,5648
COMPLETE,666,00:00.0,993
CANCELED,667,00:00.0,4726
PROCESSING,668,00:00.0,8023
PROCESSING,669,00:00.0,909
PROCESSING,670,00:00.0,482
PENDING_PAYMENT,671,00:00.0,7926
PENDING_PAYMENT,672,00:00.0,1670
PENDING_PAYMENT,673,00:00.0,2157
COMPLETE,674,00:00.0,1295
COMPLETE,675,00:00.0,3414
PENDING_PAYMENT,676,00:00.0,5653
PENDING_PAYMENT,677,00:00.0,5182
PENDING,678,00:00.0,9667
CLOSED,679,00:00.0,5535
ON_HOLD,680,00:00.0,4599
PENDING_PAYMENT,681,00:00.0,7524
COMPLETE,682,00:00.0,9271
PENDING_PAYMENT,683,00:00.0,7183
CLOSED,684,00:00.0,1546
ON_HOLD,685,00:00.0,10745
PROCESSING,686,00:00.0,7835
PENDING_PAYMENT,687,00:00.0,11639
PENDING_PAYMENT,688,00:00.0,5097
PENDING,689,00:00.0,8272
PENDING_PAYMENT,690,00:00.0,7279
PENDING_PAYMENT,691,00:00.0,517
ON_HOLD,692,00:00.0,442
ON_HOLD,693,00:00.0,10081
PROCESSING,694,00:00.0,5015
PROCESSING,695,00:00.0,12224
PENDING_PAYMENT,696,00:00.0,11166
COMPLETE,697,00:00.0,3126
COMPLETE,698,00:00.0,5283
PENDING_PAYMENT,699,00:00.0,7472
COMPLETE,700,00:00.0,2632
PENDING_PAYMENT,701,00:00.0,9742
PROCESSING,702,00:00.0,1826
PENDING_PAYMENT,703,00:00.0,1871
COMPLETE,704,00:00.0,11708
PENDING,705,00:00.0,9639
CLOSED,706,00:00.0,10129
PENDING,707,00:00.0,5889
CLOSED,708,00:00.0,5695
PENDING,709,00:00.0,3161
CLOSED,710,00:00.0,5871
PENDING_PAYMENT,711,00:00.0,4688
PENDING,712,00:00.0,4372
CLOSED,713,00:00.0,4826
COMPLETE,714,00:00.0,4756
PENDING,715,00:00.0,864
CANCELED,716,00:00.0,2581
CANCELED,717,00:00.0,8208
COMPLETE,718,00:00.0,70
PROCESSING,719,00:00.0,4768
COMPLETE,720,00:00.0,3142
PENDING,721,00:00.0,2154
CLOSED,722,00:00.0,9781
PENDING,723,00:00.0,371
PENDING,724,00:00.0,797
PENDING_PAYMENT,725,00:00.0,3837
COMPLETE,726,00:00.0,5407
COMPLETE,727,00:00.0,1049
COMPLETE,728,00:00.0,5965
COMPLETE,729,00:00.0,8467
COMPLETE,730,00:00.0,3189
PROCESSING,731,00:00.0,5104
COMPLETE,732,00:00.0,7633
PENDING,733,00:00.0,2724
PENDING_PAYMENT,734,00:00.0,1995
COMPLETE,735,00:00.0,9142
COMPLETE,736,00:00.0,8536
PAYMENT_REVIEW,737,00:00.0,3567
CANCELED,738,00:00.0,10042
COMPLETE,739,00:00.0,5647
PROCESSING,740,00:00.0,6271
COMPLETE,741,00:00.0,7481
COMPLETE,742,00:00.0,9860
PENDING_PAYMENT,743,00:00.0,2030
COMPLETE,744,00:00.0,2960
PROCESSING,745,00:00.0,7435
COMPLETE,746,00:00.0,9753
PENDING_PAYMENT,747,00:00.0,4788
COMPLETE,748,00:00.0,1198
PENDING_PAYMENT,749,00:00.0,9270
PENDING_PAYMENT,750,00:00.0,4293
PENDING,751,00:00.0,1438
CLOSED,752,00:00.0,3366
CANCELED,753,00:00.0,5094
COMPLETE,754,00:00.0,6699
COMPLETE,755,00:00.0,1478
COMPLETE,756,00:00.0,8441
PENDING_PAYMENT,757,00:00.0,1648
PENDING_PAYMENT,758,00:00.0,1244
COMPLETE,759,00:00.0,3328
ON_HOLD,760,00:00.0,444
COMPLETE,761,00:00.0,9748
PENDING,762,00:00.0,1748
COMPLETE,763,00:00.0,943
COMPLETE,764,00:00.0,8625
CLOSED,765,00:00.0,2425
COMPLETE,766,00:00.0,12328
PROCESSING,767,00:00.0,10174
COMPLETE,768,00:00.0,8123
PENDING_PAYMENT,769,00:00.0,11749
COMPLETE,770,00:00.0,12146
COMPLETE,771,00:00.0,9026
PROCESSING,772,00:00.0,2863
PENDING_PAYMENT,773,00:00.0,10414
COMPLETE,774,00:00.0,11421
PENDING_PAYMENT,775,00:00.0,3547
PENDING_PAYMENT,776,00:00.0,3180
ON_HOLD,777,00:00.0,7761
COMPLETE,778,00:00.0,5759
PENDING_PAYMENT,779,00:00.0,2004
COMPLETE,780,00:00.0,2016
PENDING,781,00:00.0,7971
COMPLETE,782,00:00.0,12213
PROCESSING,783,00:00.0,8321
PENDING_PAYMENT,784,00:00.0,3321
COMPLETE,785,00:00.0,8191
CLOSED,786,00:00.0,8974
CLOSED,787,00:00.0,1150
PENDING,788,00:00.0,5625
COMPLETE,789,00:00.0,17
PENDING_PAYMENT,790,00:00.0,103
PROCESSING,791,00:00.0,9961
PENDING,792,00:00.0,12218
PROCESSING,793,00:00.0,11007
COMPLETE,794,00:00.0,7683
COMPLETE,795,00:00.0,7219
ON_HOLD,796,00:00.0,11292
PROCESSING,797,00:00.0,6527
COMPLETE,798,00:00.0,8709
PENDING_PAYMENT,799,00:00.0,4675
COMPLETE,800,00:00.0,9946
PENDING_PAYMENT,801,00:00.0,532
COMPLETE,802,00:00.0,1670
PENDING_PAYMENT,803,00:00.0,5569
CLOSED,804,00:00.0,2697
PENDING_PAYMENT,805,00:00.0,8259
COMPLETE,806,00:00.0,11113
COMPLETE,807,00:00.0,1231
PENDING_PAYMENT,808,00:00.0,10509
PROCESSING,809,00:00.0,7725
PENDING,810,00:00.0,2484
PENDING_PAYMENT,811,00:00.0,10491
PENDING_PAYMENT,812,00:00.0,7073
PENDING_PAYMENT,813,00:00.0,2027
COMPLETE,814,00:00.0,11988
PENDING_PAYMENT,815,00:00.0,11713
PENDING_PAYMENT,816,00:00.0,794
CLOSED,817,00:00.0,9975
SUSPECTED_FRAUD,818,00:00.0,8459
COMPLETE,819,00:00.0,1714
PENDING,820,00:00.0,768
COMPLETE,821,00:00.0,8384
COMPLETE,822,00:00.0,1492
CLOSED,823,00:00.0,9469
PENDING_PAYMENT,824,00:00.0,277
PENDING,825,00:00.0,7429
COMPLETE,826,00:00.0,3744
PENDING_PAYMENT,827,00:00.0,11167
PENDING,828,00:00.0,2606
PENDING_PAYMENT,829,00:00.0,8977
SUSPECTED_FRAUD,830,00:00.0,9103
COMPLETE,831,00:00.0,12064
COMPLETE,832,00:00.0,132
PENDING_PAYMENT,833,00:00.0,4076
PROCESSING,834,00:00.0,481
COMPLETE,835,00:00.0,10640
PROCESSING,836,00:00.0,2372
PENDING_PAYMENT,837,00:00.0,7715
PENDING,838,00:00.0,3469
COMPLETE,839,00:00.0,377
COMPLETE,840,00:00.0,5123
PENDING_PAYMENT,841,00:00.0,8410
PENDING_PAYMENT,842,00:00.0,4038
ON_HOLD,843,00:00.0,8345
PENDING_PAYMENT,844,00:00.0,6061
PROCESSING,845,00:00.0,5715
PENDING,846,00:00.0,5643
PENDING,847,00:00.0,12163
COMPLETE,848,00:00.0,6018
PROCESSING,849,00:00.0,8663
PENDING,850,00:00.0,7382
CLOSED,851,00:00.0,11798
PENDING_PAYMENT,852,00:00.0,11564
PENDING_PAYMENT,853,00:00.0,5542
COMPLETE,854,00:00.0,4186
PENDING_PAYMENT,855,00:00.0,4535
PROCESSING,856,00:00.0,9876
PAYMENT_REVIEW,857,00:00.0,833
COMPLETE,858,00:00.0,9137
COMPLETE,859,00:00.0,3432
COMPLETE,860,00:00.0,9725
COMPLETE,861,00:00.0,3164
COMPLETE,862,00:00.0,1299
COMPLETE,863,00:00.0,6081
COMPLETE,864,00:00.0,12342
CLOSED,865,00:00.0,7052
ON_HOLD,866,00:00.0,6788
COMPLETE,867,00:00.0,6669
PROCESSING,868,00:00.0,2957
PENDING_PAYMENT,869,00:00.0,8657
PENDING,870,00:00.0,6516
COMPLETE,871,00:00.0,6923
COMPLETE,872,00:00.0,6440
PROCESSING,873,00:00.0,2117
PENDING_PAYMENT,874,00:00.0,6230
PROCESSING,875,00:00.0,8330
PENDING_PAYMENT,876,00:00.0,7325
PENDING_PAYMENT,877,00:00.0,5012
COMPLETE,878,00:00.0,207
COMPLETE,879,00:00.0,3031
COMPLETE,880,00:00.0,5400
COMPLETE,881,00:00.0,3291
COMPLETE,882,00:00.0,4102
COMPLETE,883,00:00.0,4305
COMPLETE,884,00:00.0,4909
COMPLETE,885,00:00.0,7706
COMPLETE,886,00:00.0,2124
PROCESSING,887,00:00.0,4254
PENDING_PAYMENT,888,00:00.0,6610
COMPLETE,889,00:00.0,3677
COMPLETE,890,00:00.0,8908
COMPLETE,891,00:00.0,5609
PENDING,892,00:00.0,9537
COMPLETE,893,00:00.0,3106
PROCESSING,894,00:00.0,2759
PENDING,895,00:00.0,7575
PENDING_PAYMENT,896,00:00.0,478
CLOSED,897,00:00.0,9070
ON_HOLD,898,00:00.0,5271
PENDING,899,00:00.0,7707
CLOSED,900,00:00.0,8585
PENDING_PAYMENT,901,00:00.0,10184
PROCESSING,902,00:00.0,1641
PENDING,903,00:00.0,2199
CLOSED,904,00:00.0,5854
CLOSED,905,00:00.0,5460
PROCESSING,906,00:00.0,7141
COMPLETE,907,00:00.0,10661
PROCESSING,908,00:00.0,8964
SUSPECTED_FRAUD,909,00:00.0,8670
COMPLETE,910,00:00.0,2762
COMPLETE,911,00:00.0,3608
PENDING_PAYMENT,912,00:00.0,3076
PENDING,913,00:00.0,6408
COMPLETE,914,00:00.0,6484
PENDING,915,00:00.0,8495
PENDING,916,00:00.0,48
COMPLETE,917,00:00.0,9901
PENDING_PAYMENT,918,00:00.0,780
COMPLETE,919,00:00.0,10890
COMPLETE,920,00:00.0,12019
PENDING_PAYMENT,921,00:00.0,12
PROCESSING,922,00:00.0,3160
COMPLETE,923,00:00.0,5511
PENDING_PAYMENT,924,00:00.0,6615
COMPLETE,925,00:00.0,937
ON_HOLD,926,00:00.0,8052
COMPLETE,927,00:00.0,2520
COMPLETE,928,00:00.0,2487
CANCELED,929,00:00.0,8482
PENDING_PAYMENT,930,00:00.0,954
COMPLETE,931,00:00.0,10514
SUSPECTED_FRAUD,932,00:00.0,7231
COMPLETE,933,00:00.0,446
COMPLETE,934,00:00.0,2931
PENDING_PAYMENT,935,00:00.0,10086
COMPLETE,936,00:00.0,7202
PROCESSING,937,00:00.0,6899
COMPLETE,938,00:00.0,7802
CLOSED,939,00:00.0,2964
SUSPECTED_FRAUD,940,00:00.0,5098
COMPLETE,941,00:00.0,842
COMPLETE,942,00:00.0,9704
COMPLETE,943,00:00.0,2346
ON_HOLD,944,00:00.0,2917
COMPLETE,945,00:00.0,9732
COMPLETE,946,00:00.0,10961
CLOSED,947,00:00.0,2637
PENDING_PAYMENT,948,00:00.0,4289
CLOSED,949,00:00.0,2674
PENDING_PAYMENT,950,00:00.0,4151
CLOSED,951,00:00.0,3129
COMPLETE,952,00:00.0,2250
PENDING_PAYMENT,953,00:00.0,368
PENDING_PAYMENT,954,00:00.0,5066
CANCELED,955,00:00.0,8117
PENDING_PAYMENT,956,00:00.0,4484
PENDING,957,00:00.0,9879
COMPLETE,958,00:00.0,12050
PENDING_PAYMENT,959,00:00.0,8993
COMPLETE,960,00:00.0,1463
PENDING_PAYMENT,961,00:00.0,5079
CANCELED,962,00:00.0,9492
SUSPECTED_FRAUD,963,00:00.0,10558
COMPLETE,964,00:00.0,3397
ON_HOLD,965,00:00.0,1907
COMPLETE,966,00:00.0,11298
PENDING,967,00:00.0,1706
ON_HOLD,968,00:00.0,7845
COMPLETE,969,00:00.0,9247
PENDING,970,00:00.0,7623
PENDING_PAYMENT,971,00:00.0,9478
CLOSED,972,00:00.0,10255
PENDING,973,00:00.0,5118
CLOSED,974,00:00.0,6413
PENDING_PAYMENT,975,00:00.0,638
PENDING_PAYMENT,976,00:00.0,1088
COMPLETE,977,00:00.0,7817
PROCESSING,978,00:00.0,4130
COMPLETE,979,00:00.0,11323
PROCESSING,980,00:00.0,7473
COMPLETE,981,00:00.0,5411
SUSPECTED_FRAUD,982,00:00.0,2873
CLOSED,983,00:00.0,9514
ON_HOLD,984,00:00.0,12350
COMPLETE,985,00:00.0,5389
PROCESSING,986,00:00.0,7820
COMPLETE,987,00:00.0,7418
COMPLETE,988,00:00.0,2491
PENDING,989,00:00.0,370
COMPLETE,990,00:00.0,7254
PENDING_PAYMENT,991,00:00.0,7317
COMPLETE,992,00:00.0,7107
SUSPECTED_FRAUD,993,00:00.0,5122
PROCESSING,994,00:00.0,4979
COMPLETE,995,00:00.0,10907
CLOSED,996,00:00.0,12221
COMPLETE,997,00:00.0,8786
PENDING_PAYMENT,998,00:00.0,1739
PROCESSING,999,00:00.0,9358
CLOSED,1000,00:00.0,2321
COMPLETE,1001,00:00.0,6650
SUSPECTED_FRAUD,1002,00:00.0,5170
COMPLETE,1003,00:00.0,7438
COMPLETE,1004,00:00.0,10701
PROCESSING,1005,00:00.0,7958
COMPLETE,1006,00:00.0,9028
PENDING_PAYMENT,1007,00:00.0,1417
CLOSED,1008,00:00.0,4331
COMPLETE,1009,00:00.0,7886
COMPLETE,1010,00:00.0,2512
COMPLETE,1011,00:00.0,7214
CLOSED,1012,00:00.0,3245
CANCELED,1013,00:00.0,1903
PROCESSING,1014,00:00.0,12077
PENDING_PAYMENT,1015,00:00.0,1136
PENDING_PAYMENT,1016,00:00.0,5231
PROCESSING,1017,00:00.0,3781
COMPLETE,1018,00:00.0,19
PENDING_PAYMENT,1019,00:00.0,4475
PENDING_PAYMENT,1020,00:00.0,4815
COMPLETE,1021,00:00.0,10118
CLOSED,1022,00:00.0,6491
PENDING,1023,00:00.0,3817
COMPLETE,1024,00:00.0,3751
PROCESSING,1025,00:00.0,9474
COMPLETE,1026,00:00.0,800
PROCESSING,1027,00:00.0,11873
PENDING,1028,00:00.0,11150
PENDING_PAYMENT,1029,00:00.0,2800
COMPLETE,1030,00:00.0,11178
COMPLETE,1031,00:00.0,633
COMPLETE,1032,00:00.0,7246
CLOSED,1033,00:00.0,6339
COMPLETE,1034,00:00.0,4990
COMPLETE,1035,00:00.0,9117
CLOSED,1036,00:00.0,2001
PENDING_PAYMENT,1037,00:00.0,1757
COMPLETE,1038,00:00.0,5418
COMPLETE,1039,00:00.0,1558
COMPLETE,1040,00:00.0,5787
CLOSED,1041,00:00.0,4975
PROCESSING,1042,00:00.0,6041
PENDING_PAYMENT,1043,00:00.0,9955
PENDING_PAYMENT,1044,00:00.0,2444
PENDING_PAYMENT,1045,00:00.0,9990
PENDING_PAYMENT,1046,00:00.0,11047
PENDING,1047,00:00.0,2775
PENDING_PAYMENT,1048,00:00.0,11869
PROCESSING,1049,00:00.0,10742
PENDING_PAYMENT,1050,00:00.0,3401
COMPLETE,1051,00:00.0,6397
PROCESSING,1052,00:00.0,464
PENDING_PAYMENT,1053,00:00.0,6393
PENDING_PAYMENT,1054,00:00.0,2795
COMPLETE,1055,00:00.0,8971
COMPLETE,1056,00:00.0,11006
PENDING,1057,00:00.0,8378
PENDING,1058,00:00.0,1981
PROCESSING,1059,00:00.0,12148
PENDING_PAYMENT,1060,00:00.0,12390
PENDING_PAYMENT,1061,00:00.0,1538
PROCESSING,1062,00:00.0,9488
SUSPECTED_FRAUD,1063,00:00.0,4868
CLOSED,1064,00:00.0,11267
PROCESSING,1065,00:00.0,5774
PENDING_PAYMENT,1066,00:00.0,11037
CLOSED,1067,00:00.0,5130
PENDING,1068,00:00.0,12178
SUSPECTED_FRAUD,1069,00:00.0,4683
PENDING,1070,00:00.0,3888
CLOSED,1071,00:00.0,8202
ON_HOLD,1072,00:00.0,11480
PROCESSING,1073,00:00.0,780
SUSPECTED_FRAUD,1074,00:00.0,3900
COMPLETE,1075,00:00.0,2735
COMPLETE,1076,00:00.0,7320
COMPLETE,1077,00:00.0,8103
CLOSED,1078,00:00.0,9303
PENDING_PAYMENT,1079,00:00.0,10348
PENDING,1080,00:00.0,8212
COMPLETE,1081,00:00.0,2932
PENDING_PAYMENT,1082,00:00.0,6078
SUSPECTED_FRAUD,1083,00:00.0,3957
PENDING_PAYMENT,1084,00:00.0,6607
PROCESSING,1085,00:00.0,6318
PROCESSING,1086,00:00.0,7236
CLOSED,1087,00:00.0,2613
PENDING_PAYMENT,1088,00:00.0,11139
PENDING_PAYMENT,1089,00:00.0,2298
PROCESSING,1090,00:00.0,9940
COMPLETE,1091,00:00.0,7042
PROCESSING,1092,00:00.0,1372
PENDING_PAYMENT,1093,00:00.0,9763
PENDING,1094,00:00.0,6443
PENDING_PAYMENT,1095,00:00.0,6590
COMPLETE,1096,00:00.0,458
COMPLETE,1097,00:00.0,1030
COMPLETE,1098,00:00.0,11983
COMPLETE,1099,00:00.0,2653
SUSPECTED_FRAUD,1100,00:00.0,2850
PENDING_PAYMENT,1101,00:00.0,11858
PROCESSING,1102,00:00.0,1279
PROCESSING,1103,00:00.0,10519
PENDING_PAYMENT,1104,00:00.0,10883
PROCESSING,1105,00:00.0,9760
COMPLETE,1106,00:00.0,2106
PROCESSING,1107,00:00.0,3083
PROCESSING,1108,00:00.0,7700
PENDING_PAYMENT,1109,00:00.0,10029
PENDING,1110,00:00.0,4786
COMPLETE,1111,00:00.0,225
COMPLETE,1112,00:00.0,7877
CLOSED,1113,00:00.0,6237
PENDING,1114,00:00.0,1228
PENDING_PAYMENT,1115,00:00.0,12113
PENDING_PAYMENT,1116,00:00.0,4383
SUSPECTED_FRAUD,1117,00:00.0,11352
PENDING_PAYMENT,1118,00:00.0,7903
COMPLETE,1119,00:00.0,2267
PENDING_PAYMENT,1120,00:00.0,6515
PENDING_PAYMENT,1121,00:00.0,423
PENDING,1122,00:00.0,10235
PENDING_PAYMENT,1123,00:00.0,2311
ON_HOLD,1124,00:00.0,3703
COMPLETE,1125,00:00.0,7287
COMPLETE,1126,00:00.0,6649
ON_HOLD,1127,00:00.0,1069
COMPLETE,1128,00:00.0,1498
PENDING_PAYMENT,1129,00:00.0,5367
PENDING,1130,00:00.0,6983
PROCESSING,1131,00:00.0,5533
COMPLETE,1132,00:00.0,8386
PROCESSING,1133,00:00.0,5937
COMPLETE,1134,00:00.0,4181
COMPLETE,1135,00:00.0,5359
CLOSED,1136,00:00.0,808
PROCESSING,1137,00:00.0,9735
COMPLETE,1138,00:00.0,10777
CLOSED,1139,00:00.0,3786
CLOSED,1140,00:00.0,1073
CLOSED,1141,00:00.0,11825
PENDING_PAYMENT,1142,00:00.0,10885
COMPLETE,1143,00:00.0,9715
SUSPECTED_FRAUD,1144,00:00.0,61
PENDING,1145,00:00.0,3381
COMPLETE,1146,00:00.0,4044
CLOSED,1147,00:00.0,5182
COMPLETE,1148,00:00.0,6596
COMPLETE,1149,00:00.0,8767
PENDING,1150,00:00.0,2826
PENDING_PAYMENT,1151,00:00.0,6022
PENDING_PAYMENT,1152,00:00.0,11725
PENDING,1153,00:00.0,712
COMPLETE,1154,00:00.0,3554
PENDING_PAYMENT,1155,00:00.0,12066
CLOSED,1156,00:00.0,4725
PENDING_PAYMENT,1157,00:00.0,7952
PAYMENT_REVIEW,1158,00:00.0,7762
ON_HOLD,1159,00:00.0,9619
CLOSED,1160,00:00.0,1498
PENDING_PAYMENT,1161,00:00.0,1657
COMPLETE,1162,00:00.0,5195
COMPLETE,1163,00:00.0,965
COMPLETE,1164,00:00.0,7009
COMPLETE,1165,00:00.0,5885
CLOSED,1166,00:00.0,8936
ON_HOLD,1167,00:00.0,1204
PENDING_PAYMENT,1168,00:00.0,61
CANCELED,1169,00:00.0,3971
PENDING,1170,00:00.0,593
PENDING_PAYMENT,1171,00:00.0,6798
PENDING,1172,00:00.0,3137
COMPLETE,1173,00:00.0,5645
COMPLETE,1174,00:00.0,8290
COMPLETE,1175,00:00.0,1330
COMPLETE,1176,00:00.0,10952
CLOSED,1177,00:00.0,9712
CLOSED,1178,00:00.0,10513
PENDING_PAYMENT,1179,00:00.0,3326
CLOSED,1180,00:00.0,7061
PENDING_PAYMENT,1181,00:00.0,5491
COMPLETE,1182,00:00.0,6438
PROCESSING,1183,00:00.0,11732
PENDING,1184,00:00.0,5580
CLOSED,1185,00:00.0,6153
CANCELED,1186,00:00.0,11947
ON_HOLD,1187,00:00.0,5813
COMPLETE,1188,00:00.0,8957
PENDING_PAYMENT,1189,00:00.0,10333
CANCELED,1190,00:00.0,12360
PENDING,1191,00:00.0,3254
PROCESSING,1192,00:00.0,1402
PENDING_PAYMENT,1193,00:00.0,10106
ON_HOLD,1194,00:00.0,12161
PENDING_PAYMENT,1195,00:00.0,7703
COMPLETE,1196,00:00.0,2737
COMPLETE,1197,00:00.0,5003
PENDING,1198,00:00.0,182
PENDING_PAYMENT,1199,00:00.0,244
COMPLETE,1200,00:00.0,11994
SUSPECTED_FRAUD,1201,00:00.0,6343
CLOSED,1202,00:00.0,883
COMPLETE,1203,00:00.0,2447
PENDING_PAYMENT,1204,00:00.0,731
COMPLETE,1205,00:00.0,11907
COMPLETE,1206,00:00.0,6083
SUSPECTED_FRAUD,1207,00:00.0,54
CLOSED,1208,00:00.0,12117
PENDING_PAYMENT,1209,00:00.0,2398
CLOSED,1210,00:00.0,6014
PENDING,1211,00:00.0,10929
PENDING,1212,00:00.0,4100
CLOSED,1213,00:00.0,9250
ON_HOLD,1214,00:00.0,7892
COMPLETE,1215,00:00.0,2660
ON_HOLD,1216,00:00.0,2846
COMPLETE,1217,00:00.0,5328
PENDING,1218,00:00.0,4469
PENDING_PAYMENT,1219,00:00.0,6728
ON_HOLD,1220,00:00.0,2944
PROCESSING,1221,00:00.0,12032
PENDING_PAYMENT,1222,00:00.0,6617
COMPLETE,1223,00:00.0,7981
PENDING_PAYMENT,1224,00:00.0,8781
COMPLETE,1225,00:00.0,665
COMPLETE,1226,00:00.0,9643
PENDING_PAYMENT,1227,00:00.0,8836
PENDING,1228,00:00.0,10103
PENDING_PAYMENT,1229,00:00.0,7822
COMPLETE,1230,00:00.0,11855
PROCESSING,1231,00:00.0,987
PENDING,1232,00:00.0,11433
ON_HOLD,1233,00:00.0,3184
PENDING,1234,00:00.0,7639
PENDING,1235,00:00.0,11033
CLOSED,1236,00:00.0,1835
PENDING_PAYMENT,1237,00:00.0,71
COMPLETE,1238,00:00.0,2610
PROCESSING,1239,00:00.0,5397
COMPLETE,1240,00:00.0,749
COMPLETE,1241,00:00.0,7430
PENDING_PAYMENT,1242,00:00.0,9807
PROCESSING,1243,00:00.0,4434
COMPLETE,1244,00:00.0,10480
PENDING_PAYMENT,1245,00:00.0,2686
COMPLETE,1246,00:00.0,9098
COMPLETE,1247,00:00.0,10436
PENDING_PAYMENT,1248,00:00.0,6952
PENDING_PAYMENT,1249,00:00.0,4014
COMPLETE,1250,00:00.0,6845
COMPLETE,1251,00:00.0,11689
PENDING,1252,00:00.0,10504
COMPLETE,1253,00:00.0,5633
COMPLETE,1254,00:00.0,1729
COMPLETE,1255,00:00.0,8929
PENDING_PAYMENT,1256,00:00.0,1834
PENDING,1257,00:00.0,2255
ON_HOLD,1258,00:00.0,7958
PENDING,1259,00:00.0,2414
PENDING,1260,00:00.0,9123
PROCESSING,1261,00:00.0,11960
COMPLETE,1262,00:00.0,2972
PROCESSING,1263,00:00.0,1174
PENDING_PAYMENT,1264,00:00.0,6474
COMPLETE,1265,00:00.0,8982
ON_HOLD,1266,00:00.0,10850
COMPLETE,1267,00:00.0,1147
ON_HOLD,1268,00:00.0,12018
COMPLETE,1269,00:00.0,8069
ON_HOLD,1270,00:00.0,6909
PROCESSING,1271,00:00.0,10095
PENDING_PAYMENT,1272,00:00.0,3127
COMPLETE,1273,00:00.0,3322
COMPLETE,1274,00:00.0,5511
CLOSED,1275,00:00.0,8091
PENDING_PAYMENT,1276,00:00.0,4202
COMPLETE,1277,00:00.0,1939
PENDING_PAYMENT,1278,00:00.0,3753
CLOSED,1279,00:00.0,4303
CLOSED,1280,00:00.0,5712
COMPLETE,1281,00:00.0,10431
PENDING_PAYMENT,1282,00:00.0,9392
CLOSED,1283,00:00.0,3951
ON_HOLD,1284,00:00.0,1750
PROCESSING,1285,00:00.0,2543
PENDING_PAYMENT,1286,00:00.0,8389
COMPLETE,1287,00:00.0,2597
PROCESSING,1288,00:00.0,8482
PROCESSING,1289,00:00.0,11414
PROCESSING,1290,00:00.0,6742
COMPLETE,1291,00:00.0,704
COMPLETE,1292,00:00.0,11460
PROCESSING,1293,00:00.0,8351
PENDING_PAYMENT,1294,00:00.0,7121
CLOSED,1295,00:00.0,611
CLOSED,1296,00:00.0,589
COMPLETE,1297,00:00.0,11607
CLOSED,1298,00:00.0,5105
COMPLETE,1299,00:00.0,7802
PENDING_PAYMENT,1300,00:00.0,553
PENDING_PAYMENT,1301,00:00.0,1604
COMPLETE,1302,00:00.0,1695
PROCESSING,1303,00:00.0,7018
COMPLETE,1304,00:00.0,2059
COMPLETE,1305,00:00.0,3844
PENDING_PAYMENT,1306,00:00.0,11672
COMPLETE,1307,00:00.0,4474
PENDING,1308,00:00.0,11645
CLOSED,1309,00:00.0,2367
PENDING,1310,00:00.0,5602
PENDING_PAYMENT,1311,00:00.0,5396
COMPLETE,1312,00:00.0,12291
CANCELED,1313,00:00.0,3471
COMPLETE,1314,00:00.0,10993
COMPLETE,1315,00:00.0,5660
PENDING_PAYMENT,1316,00:00.0,6376
PENDING,1317,00:00.0,5467
COMPLETE,1318,00:00.0,4212
COMPLETE,1319,00:00.0,3966
COMPLETE,1320,00:00.0,12270
COMPLETE,1321,00:00.0,800
COMPLETE,1322,00:00.0,9264
COMPLETE,1323,00:00.0,7422
COMPLETE,1324,00:00.0,4600
PENDING,1325,00:00.0,10425
PENDING_PAYMENT,1326,00:00.0,10811
COMPLETE,1327,00:00.0,9526
PENDING,1328,00:00.0,2844
CLOSED,1329,00:00.0,6070
COMPLETE,1330,00:00.0,4624
PENDING_PAYMENT,1331,00:00.0,1426
PROCESSING,1332,00:00.0,2715
COMPLETE,1333,00:00.0,905
PENDING,1334,00:00.0,4016
COMPLETE,1335,00:00.0,5762
SUSPECTED_FRAUD,1336,00:00.0,5627
COMPLETE,1337,00:00.0,3561
COMPLETE,1338,00:00.0,2094
PENDING,1339,00:00.0,2696
PENDING_PAYMENT,1340,00:00.0,5148
COMPLETE,1341,00:00.0,3119
COMPLETE,1342,00:00.0,8350
PENDING,1343,00:00.0,8470
PAYMENT_REVIEW,1344,00:00.0,1867
COMPLETE,1345,00:00.0,7729
PENDING_PAYMENT,1346,00:00.0,2090
PROCESSING,1347,00:00.0,10007
PENDING_PAYMENT,1348,00:00.0,2359
PENDING,1349,00:00.0,11918
COMPLETE,1350,00:00.0,7006
PROCESSING,1351,00:00.0,9452
PENDING,1352,00:00.0,4473
COMPLETE,1353,00:00.0,1727
PENDING_PAYMENT,1354,00:00.0,8294
PENDING,1355,00:00.0,11218
PENDING_PAYMENT,1356,00:00.0,8984
COMPLETE,1357,00:00.0,5088
ON_HOLD,1358,00:00.0,4041
CLOSED,1359,00:00.0,4435
PENDING_PAYMENT,1360,00:00.0,9009
PENDING_PAYMENT,1361,00:00.0,12308
COMPLETE,1362,00:00.0,5661
PENDING,1363,00:00.0,12251
PENDING_PAYMENT,1364,00:00.0,3192
CANCELED,1365,00:00.0,8567
PENDING,1366,00:00.0,1115
COMPLETE,1367,00:00.0,2703
PENDING,1368,00:00.0,1269
PROCESSING,1369,00:00.0,9729
COMPLETE,1370,00:00.0,9223
CLOSED,1371,00:00.0,4799
PENDING,1372,00:00.0,5821
PROCESSING,1373,00:00.0,10611
CLOSED,1374,00:00.0,2484
PROCESSING,1375,00:00.0,4914
PENDING_PAYMENT,1376,00:00.0,11063
COMPLETE,1377,00:00.0,5418
PROCESSING,1378,00:00.0,3410
CLOSED,1379,00:00.0,696
PROCESSING,1380,00:00.0,11195
PENDING_PAYMENT,1381,00:00.0,6643
COMPLETE,1382,00:00.0,9151
CANCELED,1383,00:00.0,1753
PENDING,1384,00:00.0,10281
PENDING_PAYMENT,1385,00:00.0,12198
PROCESSING,1386,00:00.0,11310
PENDING_PAYMENT,1387,00:00.0,7547
PENDING,1388,00:00.0,12046
CLOSED,1389,00:00.0,10371
COMPLETE,1390,00:00.0,8964
PENDING_PAYMENT,1391,00:00.0,5994
COMPLETE,1392,00:00.0,7102
PENDING,1393,00:00.0,3420
PENDING_PAYMENT,1394,00:00.0,6857
ON_HOLD,1395,00:00.0,3147
PENDING_PAYMENT,1396,00:00.0,8915
ON_HOLD,1397,00:00.0,11571
SUSPECTED_FRAUD,1398,00:00.0,1523
PENDING,1399,00:00.0,9691
COMPLETE,1400,00:00.0,478
CLOSED,1401,00:00.0,267
PENDING_PAYMENT,1402,00:00.0,5394
ON_HOLD,1403,00:00.0,12379
PENDING,1404,00:00.0,8986
COMPLETE,1405,00:00.0,8627
PENDING,1406,00:00.0,2370
COMPLETE,1407,00:00.0,4900
CLOSED,1408,00:00.0,6819
PENDING_PAYMENT,1409,00:00.0,1905
COMPLETE,1410,00:00.0,5928
PENDING,1411,00:00.0,1383
SUSPECTED_FRAUD,1412,00:00.0,3656
PENDING,1413,00:00.0,10678
PENDING,1414,00:00.0,9072
SUSPECTED_FRAUD,1415,00:00.0,109
PENDING_PAYMENT,1416,00:00.0,5806
PENDING,1417,00:00.0,5676
CLOSED,1418,00:00.0,7595
PROCESSING,1419,00:00.0,6779
PENDING,1420,00:00.0,7013
PENDING,1421,00:00.0,5358
COMPLETE,1422,00:00.0,8406
PROCESSING,1423,00:00.0,12116
COMPLETE,1424,00:00.0,5763
PENDING,1425,00:00.0,9259
PENDING,1426,00:00.0,4200
COMPLETE,1427,00:00.0,4795
PROCESSING,1428,00:00.0,1932
ON_HOLD,1429,00:00.0,5109
COMPLETE,1430,00:00.0,5241
CLOSED,1431,00:00.0,11358
COMPLETE,1432,00:00.0,3730
PENDING,1433,00:00.0,174
COMPLETE,1434,00:00.0,6607
CANCELED,1435,00:00.0,1879
PENDING_PAYMENT,1436,00:00.0,10608
PENDING,1437,00:00.0,9507
PROCESSING,1438,00:00.0,1523
COMPLETE,1439,00:00.0,11719
COMPLETE,1440,00:00.0,9310
PENDING_PAYMENT,1441,00:00.0,9350
PENDING_PAYMENT,1442,00:00.0,7646
PENDING,1443,00:00.0,9490
COMPLETE,1444,00:00.0,8302
COMPLETE,1445,00:00.0,2182
COMPLETE,1446,00:00.0,9102
PENDING,1447,00:00.0,10324
PENDING,1448,00:00.0,1454
COMPLETE,1449,00:00.0,10783
PENDING_PAYMENT,1450,00:00.0,9151
PENDING_PAYMENT,1451,00:00.0,2798
COMPLETE,1452,00:00.0,4953
CLOSED,1453,00:00.0,4040
CLOSED,1454,00:00.0,1108
ON_HOLD,1455,00:00.0,4875
PENDING_PAYMENT,1456,00:00.0,10194
PENDING,1457,00:00.0,9657
PENDING_PAYMENT,1458,00:00.0,3890
PENDING_PAYMENT,1459,00:00.0,6756
PENDING,1460,00:00.0,1089
CLOSED,1461,00:00.0,9702
COMPLETE,1462,00:00.0,3592
ON_HOLD,1463,00:00.0,9735
COMPLETE,1464,00:00.0,7510
PROCESSING,1465,00:00.0,7634
COMPLETE,1466,00:00.0,7054
CLOSED,1467,00:00.0,1449
CLOSED,1468,00:00.0,6622
PENDING_PAYMENT,1469,00:00.0,6087
CLOSED,1470,00:00.0,2802
PENDING,1471,00:00.0,6418
COMPLETE,1472,00:00.0,2394
PENDING,1473,00:00.0,10933
COMPLETE,1474,00:00.0,10365
PENDING_PAYMENT,1475,00:00.0,5235
PENDING_PAYMENT,1476,00:00.0,8560
CLOSED,1477,00:00.0,12101
PENDING_PAYMENT,1478,00:00.0,12136
PENDING,1479,00:00.0,3752
PROCESSING,1480,00:00.0,3159
COMPLETE,1481,00:00.0,5953
PENDING,1482,00:00.0,8110
COMPLETE,1483,00:00.0,9307
COMPLETE,1484,00:00.0,10601
PENDING_PAYMENT,1485,00:00.0,10870
PENDING_PAYMENT,1486,00:00.0,11106
PENDING_PAYMENT,1487,00:00.0,3880
PENDING_PAYMENT,1488,00:00.0,12000
COMPLETE,1489,00:00.0,2550
COMPLETE,1490,00:00.0,5067
COMPLETE,1491,00:00.0,10029
SUSPECTED_FRAUD,1492,00:00.0,6847
PROCESSING,1493,00:00.0,11956
PENDING_PAYMENT,1494,00:00.0,6458
SUSPECTED_FRAUD,1495,00:00.0,847
PENDING_PAYMENT,1496,00:00.0,5858
CANCELED,1497,00:00.0,7193
PENDING_PAYMENT,1498,00:00.0,9093
PENDING,1499,00:00.0,8330
CLOSED,1500,00:00.0,692
COMPLETE,1501,00:00.0,4787
PENDING_PAYMENT,1502,00:00.0,6236
PENDING,1503,00:00.0,3309
CLOSED,1504,00:00.0,8961
COMPLETE,1505,00:00.0,7795
PROCESSING,1506,00:00.0,8566
PROCESSING,1507,00:00.0,4062
ON_HOLD,1508,00:00.0,6622
SUSPECTED_FRAUD,1509,00:00.0,11060
PENDING_PAYMENT,1510,00:00.0,12249
PENDING_PAYMENT,1511,00:00.0,9326
PROCESSING,1512,00:00.0,11560
PENDING_PAYMENT,1513,00:00.0,11399
PENDING_PAYMENT,1514,00:00.0,7273
COMPLETE,1515,00:00.0,12346
PENDING_PAYMENT,1516,00:00.0,8604
PROCESSING,1517,00:00.0,10515
ON_HOLD,1518,00:00.0,4739
COMPLETE,1519,00:00.0,5190
COMPLETE,1520,00:00.0,12309
COMPLETE,1521,00:00.0,11622
COMPLETE,1522,00:00.0,5713
PROCESSING,1523,00:00.0,8256
COMPLETE,1524,00:00.0,1507
COMPLETE,1525,00:00.0,6592
PENDING_PAYMENT,1526,00:00.0,1908
PENDING_PAYMENT,1527,00:00.0,7668
PENDING,1528,00:00.0,8949
ON_HOLD,1529,00:00.0,34
COMPLETE,1530,00:00.0,1032
COMPLETE,1531,00:00.0,8731
COMPLETE,1532,00:00.0,4646
PENDING_PAYMENT,1533,00:00.0,7249
PAYMENT_REVIEW,1534,00:00.0,10942
COMPLETE,1535,00:00.0,2129
PENDING_PAYMENT,1536,00:00.0,4384
COMPLETE,1537,00:00.0,8013
SUSPECTED_FRAUD,1538,00:00.0,4172
PENDING,1539,00:00.0,10719
PAYMENT_REVIEW,1540,00:00.0,3244
COMPLETE,1541,00:00.0,8024
